timestamp,title,score
1618499841.0,Bitcoin Is Normal Now. Yay?,0.5267
1619330410.0,We’re All Crypto People Now,0.0
1619520832.0,Tesla Makes Money (Including From Selling Cars),0.0
1616498495.0,Miami Wants to Be the Hub for Bitcoin,0.0
1618657204.0,Crypto Is Minting Lobbyists,0.0
1618491928.0,What’s next for Coinbase?,0.0
1618424572.0,"In Coinbase’s Rise, a Reminder: Cryptocurrencies Use Lots of Energy",0.2732
1616588124.0,"Tesla will accept Bitcoin as payment, Elon Musk says.",0.3818
1618417848.0,Coinbase’s valuation soars in first public listing of a major cryptocurrency company.,0.0
1618387219.0,Coinbase’s Public Listing Is a Cryptocurrency Coming-Out Party,0.4019
1618387207.0,Don’t Fear Cryptocurrencies. Manage Them.,-0.4939
1618300826.0,"NFTs Are Shaking Up the Art World. They May Be Warming the Planet, Too.",-0.0258
1615290470.0,Bitcoin’s Climate Problem,-0.4019
1616679743.0,The Latest Artist Selling NFTs? It’s a Robot.,0.0
1616576421.0,Coinbase Users Say Crypto Start-Up Ignored Their Pleas for Help,0.1027
1615295281.0,Why Bill Gates Is Worried About Bitcoin,-0.296
1615925073.0,Twitter Hacker Pleads Guilty in Florida Court,-0.4215
1615629623.0,"From Crypto Art to Trading Cards, Investment Manias Abound",0.0
1614592812.0,China Charges Ahead With a National Digital Currency,-0.2732
1612874372.0,Bitcoin’s Big Day,0.0
1613995777.0,Billion-Dollar Paydays in a Pandemic,0.0
1613980810.0,"Why an Animated Flying Cat With a Pop-Tart Body Sold for Almost $600,000",0.0
1612791163.0,"Tesla says it bought $1.5 billion of Bitcoin, sending the cryptocurrency to a record high.",0.0
1612369209.0,What Can You Actually Buy With Bitcoin?,0.0
1612960430.0,The Issues With SPACs,0.0
1611928808.0,"As Bitcoin’s Price Surges, Affluent Investors Start to Take a Look",0.0
1612828647.0,Elon Musk and Snoop Dogg Push Cryptocurrencies to Record Highs,0.0
1612797208.0,Serious money is flowing to the joke cryptocurrency Dogecoin.,0.2263
1611655220.0,They Found a Way to Limit Big Tech’s Power: Using the Design of Bitcoin,0.0
1611684635.0,What is a Blockchain? Is It Hype?,0.0
1610445617.0,Lost Passwords Lock Millionaires Out of Their Bitcoin Fortunes,-0.3182
1609762711.0,The Cost of Fighting the Count,-0.3612
1606749313.0,"Bitcoin Hits New Record, This Time With Less Talk of a Bubble",0.0
1608293765.0,Coinbase’s Crypto Conundrum,0.0
1608155922.0,"My $200,000 Sushi Dinner",0.0
1607689361.0,Airbnb’s Stunning I.P.O.,0.3818
1606471228.0,‘Tokenized’: Inside Black Workers’ Struggles at the King of Crypto Start-Ups,-0.3612
1394133657.0,Bitcoin Is a Protocol. Bitcoin Is a Brand.,0.0
1476213806.0,"Central Banks Consider Bitcoin’s Technology, if Not Bitcoin",0.0
1393638082.0,The Bitcoin Blasphemy,0.0
1384867838.0,Mapping Bitcoin,0.0
1387049405.0,The Bitcoin Ideology,0.0
1387651363.0,Into the Bitcoin Mines,0.0
1385343785.0,Bitcoin Believers,0.0
1446684391.0,Bitcoin Basics,0.0
1388259324.0,Bitcoin Is Evil,-0.6597
1516573337.0,There Is Nothing Virtual About Bitcoin’s Energy Appetite,0.2732
1424283124.0,U.S. Announces Third Bitcoin Auction,0.0
1425594830.0,U.S. Auction Suggests Lingering Interest in Bitcoin,0.4588
1393999640.0,Japan Said to Be Ready to Impose Bitcoin Rules,0.0772
1395262326.0,"In Hong Kong, Placing Their Bets on Bitcoin",0.0
1380193173.0,A Fund for Bitcoins,0.0
1530142011.0,If Fund Managers Back Bitcoin,0.0
1386331046.0,Daily Report: Bitcoin Fraud Stays Ahead of Bitcoin Law,-0.5859
1408642180.0,More Comments Invited for Proposed Bitcoin Rules,0.0
1399581949.0,Winklevoss Twins to List Bitcoin Fund on Nasdaq,0.0
1390323270.0,Why Bitcoin Matters,0.0258
1367879071.0,A Push for a Bitcoin Buttonwood,0.0
1387648525.0,Mining for Bitcoins in Iceland,0.0
1550950351.0,Bitcoin Has Saved My Family,0.4215
1390833051.0,Bitcoin and the Fictions of Money,0.0
1387802107.0,The Bitcoin Mines of Iceland,0.0
1386335579.0,"Fraud in Bitcoin, Unchecked",-0.5859
1467249107.0,Mining for Bitcoin in China,0.0
1383186697.0,Bitcoin Pursues the Mainstream,0.0
1383186733.0,An Abridged History of Bitcoin,0.0
1396660838.0,My Bitcoin Befuddlement,0.0
1372763610.0,Bringing Bitcoin to the Mainstream,0.0
1395259420.0,Placing Their Bets on Bitcoin,0.0
1467228370.0,Mining for Bitcoin in China,0.0
1386263020.0,Shaking the Bitcoin Believers,-0.1779
1397664183.0,Bitcoin’s Dark Side,0.0
1432034475.0,Demystifying Bitcoin’s Labyrinth,0.0
1421430656.0,Bitcoin Is a Victim of Disinflation,-0.2732
1393371544.0,Chief of SecondMarket on Bitcoin,0.0
1394579418.0,A Turnaround for Bitcoin at SXSW,0.0
1393350057.0,No Bailout for Bitcoin Holders,-0.3818
1405620079.0,New York Proposes First State Regulations for Bitcoin,0.0
1385343520.0,In Bitcoin’s Orbit: Rival Virtual Currencies Vie for Acceptance,0.4588
1516096827.0,Beyond the Bitcoin Bubble,0.0
1394139088.0,Bitcoin’s Mysterious Creator Is Said to Be Identified,0.0
1385586981.0,A Surge in Value for Bitcoin and Currencies Similar to It,0.34
1395060259.0,Putative Bitcoin Founder Categorically Denies It ,-0.4215
1392679970.0,Regulators and Hackers Put Bitcoin to the Test,0.0
1433358212.0,Bitcoin Rules Completed by New York Regulator,0.0
1431680421.0,Decoding the Enigma of Satoshi Nakamoto and the Birth of Bitcoin,0.0
1405708490.0,Dell Begins Accepting Bitcoin,0.3818
1443920616.0,Bitcoin loses shine in Australia,-0.3182
1516665476.0,Why the I.R.S. Fears Bitcoin,-0.4215
1528963209.0,Stephen Bannon Buys Into Bitcoin,0.0
1386936427.0,European Union Warns on Bitcoin,-0.1027
1390406990.0,Bitcoin a Fool’s Gold Standard,0.0
1421982657.0,Winklevoss Twins Aim to Take Bitcoin Mainstream,0.0
1393417864.0,A Silver Lining in Bitcoin’s Stumble,0.0
1580245210.0,Bitcoin Has Lost Steam. But Criminals Still Love It.,0.0258
1365795037.0,Adam Smith Hates Bitcoin,-0.4404
1525291642.0,Goldman Sachs to Open a Bitcoin Trading Operation,0.0
1467228375.0,How China Took Center Stage in Bitcoin’s Civil War,-0.5994
1516636721.0,The View From the Bitcoin Bubble,0.0
1442854036.0,The Benefits of Allowing Bitcoin to Flourish,0.3818
1385513259.0,Much Ado About Bitcoin,0.0
1385573280.0,A Prediction: Bitcoin Is Doomed to Fail,-0.8271
1391785229.0,Rewards Program Tries Bitcoin,0.4767
1387386856.0,Bitcoin Mania Heads Into the Endgame,0.0
1505282731.0,"In China’s Hinterlands, Workers Mine Bitcoin for a Digital Fortune",0.0
1529064001.0,Farhad’s Week in Tech: Bitcoin and the Scams Under Everything,-0.5859
1510179427.0,Bitcoin Expansion Is Off the Table. At Least for Now.,0.0
1518981951.0,Bitcoin Thieves Threaten Real Violence for Virtual Currencies,-0.875
1393339214.0,Will People Get Their Bitcoins Back?,0.0
1452803630.0,A Bitcoin Believer’s Crisis of Faith,-0.3182
1452803630.0,A Bitcoin Believer’s Crisis of Faith,-0.3182
1389190330.0,Chinese E-Commerce Giant Alibaba to Ban Bitcoins on Its Sites,-0.5574
1389200577.0,Five Lessons From Bitcoin,0.0
1556006410.0,"After the Bust, Are Bitcoins More Like Tulip Mania or the Internet?",0.4201
1405621130.0,Bitcoin Regulation in New York,0.0
1531513201.0,Bitcoin Funds Are Rare: They Sail Uncharted Waters,0.0
1385430029.0,"Render Unto Caesar, but Who Backs Bitcoin?",-0.0772
1446720492.0,Morning Agenda: The Bitcoin Resurgence,0.0
1395198038.0,"Fortress, Benchmark and Ribbit  Buy Stake in Pantera Bitcoin",0.0
1393304727.0,Apparent Theft at Mt. Gox Shakes Bitcoin World,0.0
1470209063.0,Bitcoin Plunges After Hacking of Exchange in Hong Kong,0.0
1501124607.0,"Bitcoin Exchange Was a Nexus of Crime, Indictment Says",-0.5423
1526660671.0,When Thousands Filled a Hilton Ballroom to Ponder the Future of Bitcoin ,0.0
1372722827.0,Winklevoss Twins Plan First Fund for Bitcoins,0.0
1380150046.0,Fund to Let Investors Bet on Price of Bitcoins,0.0
1522447262.0,Baffled by Bitcoin? How Cryptocurrency Works,0.0
1532295303.0,What the Russia Hack Indictments Reveal About Bitcoin,0.0
1390943376.0,A Swipe at Traditional Banking at a Forum Illuminating Bitcoin,0.0
1401370196.0,Dish Network Says It Will Accept Bitcoin,0.3818
1395773987.0,I.R.S. Takes a Position on Bitcoin: It’s Property,0.0
1390582479.0,Bitcoin Is Not Yet Ready for the Real World,-0.2755
1394216879.0,Bitcoin’s Purported Founder Speaks Out,0.0
1393600374.0,Fortress Discloses a Paper Loss on Bitcoin,-0.3182
1431014390.0,Winner in Race Among Bitcoin Exchanges,0.5859
1394553607.0,Bitcoin Foundation Bolsters Its Ranks,0.0
1388105894.0,"Overstock to Embrace Bitcoin, Giving the Currency a Lift",0.5719
1449649518.0,Australian Police Raid Home of Man Said to Be Likely Creator of Bitcoin,0.0
1397004234.0,Bitcoin ATM unveiled on Capitol Hill,0.0
1393336321.0,Protests after bitcoin exchange disappears,-0.5106
1423761036.0,Larry Summers Likes the Idea of Bitcoin,0.4215
1554805917.0,"China, a Major Bitcoin Source, Considers Moving Against It",0.0
1506895210.0,"Understanding Ethereum, Bitcoin’s Virtual Cousin",0.0
1438405483.0,"Mark Karpeles, Chief of Bankrupt Bitcoin Exchange, Is Arrested in Tokyo",-0.7717
1393369325.0,Digital doubts after Bitcoin debacle,-0.296
1391646639.0,Apple Takes Down a Bitcoin App,0.0
1440784427.0,Bitcoin Technology Piques Interest on Wall St.,0.4588
1511821022.0,"As Bitcoin Scrapes $10,000, an Investment Boom Like No Other",0.0772
1510002343.0,Hedge Funds Push the Price of Bitcoin to New Highs,0.0
1392045428.0,Some Errors in Software at Exchange for Bitcoins,-0.34
1506894345.0,"What Is Bitcoin, and How Does It Work?",0.0
1393369369.0,Digital doubts after Bitcoin debacle,-0.296
1566148351.0,"Terrorists Turn to Bitcoin for Funding, and They’re Learning Fast",-0.6249
1396008446.0,"Bitcoin at a ‘Fork in the Road,’ Analyst Says",0.0
1396440403.0,How to Explain Bitcoin to Your Mom!,0.0
1386243160.0,China Restricts Banks’ Use of Bitcoin,-0.3182
1513114430.0,I Was Wrong About Bitcoin. Here’s Why.,-0.4767
1394214711.0,Alleged Bitcoin founder denies involvement,-0.4215
1399667384.0,Colorado Lawmaker to Accept Donations in Bitcoin,0.3818
1394218788.0,Bitcoin's Purported Founder Speaks Out,0.0
1446686844.0,"Bitcoin Surges, Emerging From a Lull in Interest",0.4588
1449676925.0,Likely Bitcoin Creator’s Home Searched,0.0
1414673752.0,UK charity cashes in on Bitcoin trend,0.4215
1390851285.0,Bitcoin Figure Is Accused of Conspiring to Launder Money,-0.296
1406756883.0,Wikipedia Begins Taking Donations in Bitcoin,0.0
1425257345.0,Data Security Is Becoming the Sparkle in Bitcoin,0.6369
1393335123.0,Protests after bitcoin exchange disappears,-0.5106
1437838345.0,"For Ransom, Bitcoin Replaces the Bag of Bills ",0.0
1462206036.0,Australian Says He Created Bitcoin,0.25
1365709364.0,Bitcoin Has Real-World Investors,0.0
1397004181.0,Bitcoin ATM unveiled on Capitol Hill,0.0
1420838913.0,Bitcoin Exchange Bitstamp Resumes Services,0.0
1394214112.0,Alleged Bitcoin founder denies involvement,-0.4215
1395102537.0,Letter From Nakamoto on Bitcoin Claim,0.0
1501019786.0,Some Bitcoin Backers Are Defecting to Create a Rival Currency,-0.1779
1512692394.0,Bitcoin’s Price Has Soared. What Comes Next?,0.0
1505401934.0,China Bitcoin Exchange to Stop Trading Virtual Currencies Amid Crackdown,-0.296
1462176123.0,"He’s Bitcoin’s Creator, He Says, but Skeptics Pounce on His Claim",-0.1531
1512741610.0,Farhad and Mike’s Week in Tech: The Big Bitcoin Boom,0.0
1548201492.0,"Despite Bitcoin’s Dive, a Former Soviet Republic Is Still Betting Big on It",0.0
1516942801.0,Are Bitcoins More Real Than Boyfriends?,0.0
1412537928.0,Price of Bitcoin Tumbles,0.0
1391727681.0,Legal Troubles Barely Subdue a Bitcoin Evangelist’s Sermons,-0.3612
1479504254.0,Bitcoin Users Who Evade Taxes Are Sought by the I.R.S.,0.0
1473442615.0,Downside of Bitcoin: A Ledger That Can’t Be Corrected,-0.25
1459155806.0,Morning Agenda: Ethereum Challenges Bitcoin,0.0772
1494866976.0,What Is Bitcoin? All About the Mysterious Digital Currency,0.0
1489184733.0,S.E.C. Rejects Winklevoss Brothers’ Bid to Create Bitcoin E.T.F.,-0.2732
1512593837.0,"Bitcoin Hasn’t Replaced Cash, but Investors Don’t Care",0.6486
1483491891.0,"Bitcoin Price Soars, Fueled by Speculation and Global Currency Turmoil",-0.3612
1554192010.0,"Amid Bitcoin Uncertainty, ‘the Smart Money Knows That Crypto Is Not Ready’",0.0772
1513339227.0,What Is Bitcoin Really Worth? Don’t Even Ask.,0.2944
1384825221.0,"Regulators See Value in Bitcoin, and Investors Hasten to Agree",0.5994
1541149209.0,Bitcoin’s ‘First Felon’ Faces More Legal Trouble,-0.2927
1497895894.0,"Move Over, Bitcoin. Ether Is the Digital Currency of the Moment.",0.0
1525735274.0,Bitcoin Sees Wall Street Warm to Trading Virtual Currency,0.2263
1513030675.0,Bitcoin Futures Set Scene for More Gambling,0.0
1506892952.0,Bitcoin Bug Bites Japan and South Korea as China Clamps Down,0.0
1410382944.0,Coinbase Extends Bitcoin Access to International Customers,0.128
1412288864.0,Financial Wild West,0.0
1502736108.0,Bitcoin Price Surges After Agreement on Software Update,0.4939
1404246389.0,Single Winner of All Bitcoins in U.S. Auction,0.5859
1410205257.0,"Braintree, Popular Payments Processor, to Accept Bitcoin",0.6597
1420566383.0,Jitters After Bitcoin Exchange Suspends Services,0.0
1431692462.0,Daily Report: Unearthing the Enigma of Bitcoin’s Birth,0.0
1430301801.0,Can Bitcoin Conquer Argentina?,0.0
1402678420.0,King’s College in New York to Accept Bitcoin,0.3818
1394479851.0,Morgan Stanley Chief Calls Bitcoin ‘Surreal’,0.0
1365711613.0,TimesCast: Bitcoin Has Real-World Investors,0.0
1376424061.0,New York and U.S. Open Investigations Into Bitcoins,0.0
1483966802.0,Wall Street Clearinghouse to Adopt Bitcoin Technology,0.1779
1384820681.0,Researchers Work to Add More Anonymity to Bitcoin,0.0
1439241820.0,Man Charged in Bitcoin Scheme Appears in New York Court,-0.2023
1516219937.0,"Bitcoin Falls Below $10,000 as Virtual Currency Bubble Deflates",0.0
1518121594.0,What Bitcoin Reveals About Financial Markets,0.0
1418749673.0,Time Inc. Begins Accepting Bitcoin Payments,0.3818
1394168235.0,Japan Won’t Impose Banking Laws on Bitcoin,-0.296
1394047989.0,"For Bitcoin, Secure Future Might Need Oversight",0.34
1393865282.0,Britain Drops Plan to Tax Trading of Bitcoins,0.0
1407776287.0,Consumer Financial Protection Bureau Warns on Bitcoins,-0.1027
1363995966.0,"Today’s Scuttlebot: Netflix TV, and Bitcoins for Drugs",0.0
1409008478.0,On To-Do List: Deposit Cash in Bitcoin A.T.M.,0.0
1386258743.0,"For Bitcoin, a Setback in China and an Endorsement on Wall Street",0.3182
1548789501.0,How Bitcoin Could Help Iran Undermine U.S. Sanctions,0.128
1386788550.0,Bitcoin Believers See a Role for Wall Street,0.0
1369796822.0,"Unlike Liberty Reserve, Bitcoin Is Not Anonymous — Yet",0.5267
1393422018.0,"Now, Nations Mull the Ways to Regulate Bitcoin",0.0
1403126528.0,List of Potential Bitcoin Bidders Is Accidentally Released,-0.34
1393259898.0,Facebook Stock Not So Different Than Bitcoin,0.0
1416257583.0,Another Bitcoin Auction to Be Held by U.S. Marshals,0.0
1515017424.0,"From Bitcoin to Russia Investigation, a Look Ahead at 2018",0.0
1399577094.0,Election Commission Votes to Allow Bitcoin Donations,0.2263
1511308553.0,Warning Signs About Another Giant Bitcoin Exchange,-0.34
1417731350.0,Second Bitcoin Auction Draws Fewer Bidders,0.0
1505721899.0,What Jamie Dimon Is Missing About Bitcoin,-0.296
1518117014.0,Cryptocurrencies Come to Campus,0.0
1412647221.0,Blockchain Is Latest Bitcoin Start-Up to Lure Big Investment,0.0
1528227656.0,One Firm Is Way Ahead of Wall Street on Bitcoin,0.0
1513677621.0,"A Bitcoin Hedge Fund’s Return: 25,004% (That Wasn’t a Typo)",0.0
1391030163.0,Law Enforcement Strikes Back in Bitcoin Hearing,-0.3612
1408386917.0,"Bitcoin’s Price Falls 12%, to Lowest Value Since May",-0.0516
1393866121.0,Bitcoin Loss Highlights Elusive Paths of Regulation,-0.3182
1404304319.0,"Winner of Bitcoin Auction, Tim Draper, Plans to Expand Currency’s Use",0.7269
1363134507.0,Today’s Scuttlebot: Bitcoin Problem and Tracking the Papacy,-0.4019
1512648916.0,"DealBook Briefing: Bitcoin Surges Past $16,000",0.0
1515112485.0,Rise of Bitcoin Competitor Ripple Creates Wealth to Rival Zuckerberg,0.6486
1322527230.0,"Today’s Scuttlebot: Drones for Everyone, and Bitcoin’s Decline",0.0
1421379246.0,Focus Is on Bitcoin Trader at Trial Over Silk Road Black Market,0.0
1601578320.0,"Owners of BitMEX, a Leading Bitcoin Exchange, Face Criminal Charges",-0.6705
1384186052.0,Today in Small Business: Now Accepting Bitcoin,0.3818
1515759239.0,Why Is South Korea Spooking the Global Bitcoin Market?,0.0
1514461371.0,South Korea Clamps Down on Bitcoin Trading Amid Market Frenzy,-0.3182
1422015691.0,Morning Agenda: Winklevosses Plan Bitcoin Exchange,0.0
1421188278.0,"As Bitcoin’s Price Slides, Signs of a Squeeze",0.0
1430492789.0,Bitcoin Comes Out of the Shadows and Into Wall Street’s Sights,0.0
1392129213.0,Daily Report: Software Error Shakes Bitcoin Exchange,-0.4019
1386287913.0,"In the Murky World of Bitcoin, Fraud Is Quicker Than the Law",-0.5859
1385379444.0,Daily Report: Virtual Currencies Seek to Challenge Bitcoin,0.0772
1384725959.0,Bitcoin Scandal Reflects Popularity of Virtual Currency in China,0.0516
1462464781.0,Australian Ends Attempt to Prove He Founded Bitcoin,0.0
1514897741.0,Peter Thiel Is a Bitcoin Believer: DealBook Briefing,0.0
1396381194.0,"To Instill Love of Bitcoin, Backers Work to Make It Safe",0.7964
1516311886.0,"When Trading in Bitcoin, Keep the Tax Man in Mind",0.0
1393380961.0,Trading Site Failure Stirs Ire and Hope for Bitcoin,-0.1027
1406652902.0,Proposed Rules Expose Rifts Among Bitcoin Enthusiasts,0.2023
1392113043.0,Exchange crash reveals bitcoin's real-world weakness,-0.6705
1517442000.0,Worries Grow That the Price of Bitcoin Is Being Propped Up,-0.4215
1394244653.0,Newsweek Returns to Print and Sets Off a Bitcoin Storm,0.0
1483527194.0,"Morning Agenda: Shifts Ahead of a Trump Administration, Bitcoin Soars",0.0
1375344333.0,6 Q’s About the News | Stacking Up the Bitcoins,0.0
1393252895.0,Chief of Mt. Gox Resigns From Bitcoin Foundation,-0.3182
1408055482.0,"For Merchants, Bitcoin Shows More Pop Than Potential",0.0
1395842564.0,"Taxes Won’t Kill Bitcoin, but Tax Reporting Might",-0.431
1409870499.0,"Charles Shrem, Bitcoin Supporter, Pleads Guilty in Court",-0.1779
1528876803.0,"Bitcoin’s Price Was Artificially Inflated, Fueling Skyrocketing Value, Researchers Say",0.34
1397079834.0,"Rolex, Art & Money: a day in the life of a bitcoin junkie",0.0
1402935166.0,Bitcoin Security Firm BitGo Raises $12 Million,0.34
1389311149.0,"Today’s Scuttlebot: A World of Bitcoins and Unicorns, and the Anniversary of the iPhone",0.0
1552381223.0,"How a Bitcoin Evangelist Made Himself Vanish, in 15 (Not So Easy) Steps",0.0
1404165578.0,"After Bitcoin Auction, Winning Bidders Remain Elusive",0.5267
1513683660.0,The Winklevoss Twins’ Path to Bitcoin Fortune: DealBook Briefing,0.0
1404165578.0,"After Bitcoin Auction, Winning Bidders Remain Elusive",0.5267
1387353876.0,Bitcoin Value Sinks After Chinese Exchange Move,0.34
1392842950.0,Winklevoss Brothers Offer an Index to Track Price of Bitcoin,0.0
1423736325.0,Hong Kong bitcoin scandal leaves investors in the dark,-0.4404
1418927711.0,New York Regulator Outlines Changes to Bitcoin Rules,0.0
1387392554.0,"Bitcoin, Nationless Currency, Still Feels Governments’ Pinch",0.0
1387451826.0,Daily Report: Government Actions Put Pressure on Bitcoin,-0.296
1552650717.0,Bitcoin Tycoon Who Oversaw Mt. Gox Implosion Gets Suspended Sentence,-0.4215
1409427650.0,Top Bitcoin Proponent to Plead Guilty to Federal Charge,-0.25
1394828417.0,Start-Up Seeks to Capitalize on Security Concerns for Bitcoins,0.34
1431007284.0,Bitcoin Exchange Receives First License in New York State,0.0
1371077562.0,Today’s Scuttlebot: Bitcoin Sell-Off and an Apple Star,0.0
1505445249.0,"North Korea, Bitcoin, Malaysia: Your Friday Briefing",0.0
1513955565.0,Bitcoin Plummets More Than 30 Percent in Less Than a Day,0.0
1365792916.0,Week in Review: From Banes of Zuckerberg to Bitcoin Moguls,0.0
1430362878.0,Goldman and IDG Put $50 Million to Work in a Bitcoin Company ,0.0
1372760740.0,Daily Report: A Plan to Bring Bitcoins Closer to Everyday Investors,0.0
1396298949.0,Makers of Bitcoin A.T.M.’s See a Not-Quite-Cashless Future,0.0
1386607388.0,"For Bitcoin, Square Peg Meets Round Hole Under the Law",0.0
1385574301.0,Researchers Retract Report That Linked Bitcoin Creator and Silk Road,0.0
1395838871.0,Start-Up Unveils Bitcoin Payments Product,0.0
1514487617.0,"Kabul, Roy Moore, Bitcoin: Your Friday Briefing",0.0
1393329394.0,Daily Report: Bitcoin World Is Shaken by Apparent Theft at Exchange,-0.0772
1418138696.0,"At an Auction of Bitcoins Seized From Silk Road, SecondMarket Wins Big",0.5719
1420238067.0,Bitcoin Foundation Parts Ways With Its Global Policy Counsel,0.0
1414689414.0,"Bitcoin Foundation’s Executive Director, Jon Matonis, Resigns",-0.3182
1515171290.0,Should You Buy Bitcoin? Ask a Different Question First,0.0
1395316207.0,Daily Report: Entrepreneurs in Hong Kong Place Their Bets on Bitcoin,0.0
1394194075.0,Daily Report: Mystery Swirls Around Unmasking of Bitcoin Inventor,0.0
1386794495.0,Bitcoin Fever: Using Digital Currency to Understand the Nature of Money,0.0
1393416167.0,"Daily Report: As Mt. Gox Falls, Bitcoin Looks to the Future",0.0
1394194075.0,Daily Report: Mystery Swirls Around Unmasking of Bitcoin Inventor,0.0
1513641980.0,The Bitcoin Boom: In Code We Trust,0.5106
1428620942.0,"SendGrid Account Breach Was Used to Attack Coinbase, a Bitcoin Exchange",-0.4767
1387439623.0,Chinese Bitcoin Investors Fret as Value of Virtual Currency Plunges,0.34
1538052032.0,A Bitcoin Miner Tests Investor Appetite: What to Watch Today,0.0
1403814610.0,U.S. Prepares for Sale of Bitcoins Seized in Its Raid on Silk Road,0.0
1408474172.0,Overstock to Allow International Customers to Pay in Bitcoin,0.128
1435840934.0,Nathaniel Popper’s ‘Digital Gold’ Looks at Bitcoin,0.0
1385111794.0,Bitcoin Gets a Cautious Nod From China’s Central Bank,-0.1027
1459911686.0,Bitcoin Start-Up Gets an Electronic Money License in Britain,0.0
1509962429.0,Donors Use Bitcoin for Tax Benefits and to Keep Tabs on Spending,0.3818
1537336804.0,"Bitcoin Miners Flock to New York’s Remote Corners, but Get Chilly Reception",0.0
1513945108.0,One of Bitcoin’s Biggest Champions Turns Bearish: DealBook Briefing,0.5267
1376471613.0,Daily Report: Bitcoin and Other Virtual Currencies Face Legal Scrutiny,0.128
1370904208.0,"Today’s Scuttlebot: Proof via Bitcoin, and Images From Sounds and Sand",0.0
1525451792.0,Should the Fed Create ‘FedCoin’ to Rival Bitcoin? A Former Top Official Says ‘Maybe’,0.4404
1512932490.0,"Jerusalem, Bitcoin, Nobel Peace Prize: Your Monday Briefing",0.7783
1496681062.0,Ask the Sketch Guy: Should I Finally Buy Some Bitcoin?,0.0
1576625781.0,"Trump Letter, F.B.I., Bitcoin: Your Tuesday Evening Briefing",0.0
1444061600.0,Winklevoss Twins Win Approval to Open Bitcoin Exchange,0.7845
1614264960.0,MicroStrategy adds another billion dollars of Bitcoin to its balance sheet.,0.0
1418338403.0,American Express Chief Ken Chenault Sees Potential in Bitcoin’s Technology,0.0
1407327471.0,Bitcoin Foundation Seeks More Time to Address Virtual Currency Rules,0.0
1413207788.0,Senate Adviser Jumps to Bitcoin Start-Up Coinbase,0.0
1417820358.0,Venture Capitalist Tim Draper Wins Small Piece of Bitcoin Auction,0.5719
1394107848.0,"Daily Report: To Ensure a Secure Future, Bitcoin Might Need Oversight",0.6124
1393344406.0,"Defending Bitcoin, Andreessen Says Mt. Gox Is ‘Like MF Global’",0.0
1395403918.0,Mt. Gox Says It Found Missing Bitcoin Worth About $116 Million,-0.0772
1403756304.0,What crackdown? China bitcoin future 'bright': BTC China CEO,0.0
1519863442.0,"Is Bitcoin a Waste of Electricity, or Something Worse?",-0.7096
1393578713.0,Blind evangelism next big threat to bitcoin after Gox bust,-0.7269
1523869422.0,New York Today: Living on Bitcoin,0.0
1613501879.0,They Found a Way to Limit Big Tech’s Power: Using the Design of Bitcoin,0.0
1513707412.0,How the Winklevoss Twins Found Vindication in a Bitcoin Fortune,0.0
1414530141.0,Former S.E.C. Chairman to Advise Two Prominent Bitcoin Companies,0.3182
1408557932.0,"Chain, a Bitcoin Start-Up, Raises $9.5 Million Led by Khosla Ventures",0.0
1426093664.0,Former JPMorgan Executive Blythe Masters Joins Bitcoin-Related Start-Up,0.0
1581524692.0,Dutch Police Hunt for Mail Bomber Who Demanded Bitcoin Payoff,-0.2263
1546894822.0,"From Goldman’s 1MDB Scandal to Bitcoin, Here’s a Look Ahead at 2019",-0.4404
1385240086.0,"A Bitcoin Puzzle: Heads, It’s Excitement. Tails, It’s Anxiety.",0.3612
1374601882.0,S.E.C. Says  Texas Man Operated Bitcoin Ponzi Scheme,0.0
1459124816.0,"Ethereum, a Virtual Currency, Enables Transactions That Rival Bitcoin’s",0.0
1326693701.0,"‘Good Wife’ Watch: Jason Biggs, Jim Cramer and Bitcoin Get in on the Action",0.0
1515777216.0,Blockchain or Blockheads? Bitcoin Mania Mints Believers and Skeptics,-0.1027
1408482000.0,Owner of Winn-Dixie and Bi-Lo Supermarkets Pulls I.P.O.,0.0
1612826350.0,"Impeachment Trial, Child Tax Credit, Bitcoin: Your Monday Evening Briefing",0.3818
1610541970.0,Tens of billions worth of Bitcoin have been locked by people who forgot their key.,0.2263
1421762388.0,"Coinbase, a Bitcoin Start-Up, Raises $75 Million in Vote of Confidence",0.5106
1404383580.0,Daily Report: Winner of Bitcoin Auction Seeks to Increase Currency’s Use in Emerging Markets,0.7269
1393591850.0,"Daily Report: Mt. Gox, Having Lost Essentially All Bitcoins, Files for Bankruptcy",-0.3182
1551369339.0,Facebook and Telegram Are Hoping to Succeed Where Bitcoin Failed,0.4019
1512340534.0,"In South Korea, the Virtual Currency Boom Hits Home",0.0
1510927208.0,Mike and Nathaniel’s Week in Tech: Everybody Loves Bitcoin,0.5719
1521008972.0,Google Bans Bitcoin Advertisements in Policy Change,0.0
1560844811.0,Facebook Plans Global Financial System Based on Cryptocurrency,0.0
1512607318.0,Coinbase: The Heart of the Bitcoin Frenzy,-0.3182
1534752007.0,After the Bitcoin Boom: Hard Lessons for Cryptocurrency Investors,-0.1027
1516144288.0,"Stephen Bannon, California, Bitcoin: Your Tuesday Evening Briefing",0.0
1571385613.0,China’s Cryptocurrency Plan Has a Powerful Partner: Big Brother,0.4215
1428592553.0,"In Accepting Bitcoin, Rand Paul Raises Money and Questions",0.3818
1422458125.0,"Coinbase, a Bitcoin Exchange, Is Operating Without Licenses So Far",0.0
1517348833.0,Facebook Bans Ads for Bitcoin and Other Cryptocurrencies,0.0
1531521046.0,How Russian Spies Hid Behind Bitcoin in Hacking Campaign,-0.1027
1470992462.0,Envisioning Bitcoin’s Technology at the Heart of Global Finance,0.0
1566942204.0,Telegram Pushes Ahead With Plans for ‘Gram’ Cryptocurrency,0.0
1513951201.0,Farhad and Mike’s Week in Tech: Cuckoo for Cryptocurrency,0.0
1470258455.0,"U.S. Presidential Race, Bitcoin, Moon Express: Your Wednesday Evening Briefing",0.0
1453426255.0,Funds Roll In for Start-Up Harnessing Bitcoin Tech,0.0
1409423242.0,"Hal Finney, Cryptographer and Bitcoin Pioneer, Dies at 58",0.0
1451352934.0,Start-Up With Bitcoin in Its DNA Stumbles on Fund-Raising Trail,0.0
1473106662.0,"Review: Inventing a Better Bitcoin in ‘StartUp,’ New on Crackle",0.4404
1416976230.0,Trustee Moves to Repay Creditors in Mt. Gox Bitcoin Exchange,0.25
1462223412.0,"Your Monday Evening Briefing: Hillary Clinton, Donald Trump, Bitcoin",0.0
1597334644.0,U.S. Seizes Bitcoin Said to Be Used to Finance Terrorist Groups,-0.6908
1545904805.0,Remember Bitcoin? Some Investors Might Want to Forget,-0.1531
1477959782.0,"Zcash, a Harder-to-Trace Virtual Currency, Generates Price Frenzy",-0.3182
1594845347.0,A Brazen Online Attack Targets V.I.P. Twitter Users in a Bitcoin Scam,-0.7783
1513896662.0,The Can’t-Lose Way for Your Business to Pop: Add Bitcoin to Its Name,0.0
1549828369.0,Cryptocurrency Was Their Way Out of South Korea’s Lowest Rungs. They’re Still Trying.,-0.3818
1553105708.0,Watches Are Yet Another Easy Way Rich People Make Their Money Into More Money,0.7579
1488621627.0,"Blockchain: A Better Way to Track Pork Chops, Bonds, Bad Peanut Butter?",-0.1531
1517866930.0,"As Bitcoin Bubble Loses Air, Frauds and Flaws Rise to Surface",-0.6808
1599733656.0,The Case of the LVMH Letter,0.0
1598981443.0,Twitter Hack May Have Had Another Mastermind: A 16-Year-Old,0.0
1596404551.0,From Minecraft Tricks to Twitter Hack: A Florida Teen’s Troubled Online Path,-0.5423
1372722928.0,"For Starters, It’s Not a Coin",0.0
1375302335.0,Virtual Currency Gains Ground in Actual World,0.34
1517270120.0,"Bubble, Bubble, Fraud and Trouble",-0.7579
1387728039.0,Disruptions: Betting on a Coin With No Realm,-0.5574
1596219383.0,Florida Teenager Is Charged as ‘Mastermind’ of Twitter Hack,-0.2023
1385086783.0,All That Glitters Online,0.0
1426671010.0,"‘The Age of Cryptocurrency,’ by Paul Vigna and Michael J. Casey",0.0
1595015154.0,Hackers Tell the Story of the Twitter Attack From the Inside,-0.4767
1386851050.0,$25 Million in Financing for Coinbase,0.0
1464218711.0,Mt. Gox Creditors Seek Trillions Where There Are Only Millions,0.0
1396298906.0,Starting an Overdue Conversation About Money,0.0
1365380706.0,"Bubble or No, This Virtual Currency Is a Lot of Coin in Any Realm",-0.296
1315365626.0,Golden Cyberfetters,0.0
1386369920.0,Pictures From the Week in Business,0.0
1394566478.0,Virtual Exchange Plans Are Sought in New York,0.0
1396384673.0,Where’s Satoshi Nakamoto?,0.0
1365759380.0,Daily Report: Digital Money Is Gaining Champions in the Real World,0.7351
1365703874.0,Never Mind Facebook; Winklevoss Twins Rule in Digital Money,0.0
1394212048.0,Times Minute | Highlights From CPAC,0.0
1388345968.0,An Ubernerd Weighs In,0.0
1530143677.0,What is the Blockchain? Explaining the Tech Behind Cryptocurrencies,0.0
1558425606.0,Spend Some Time With the Winklevii,0.0
1309720589.0,Speed Bumps on the Road to Virtual Cash,0.0
1394212147.0,Times Minute | Highlights From CPAC,0.0
1385248383.0,Study Suggests Link Between Dread Pirate Roberts and Satoshi Nakamoto,-0.4588
1365984208.0,The Antisocial Network,0.0
1384467447.0,Virtual Money Draws Notice of Regulators,0.0
1393587932.0,Erosion of Faith Was Death Knell for Mt. Gox,-0.2732
1542839937.0,5 Reasons Cryptocurrency Prices Are Plunging Again,0.0
1397654530.0,"In Disarray, Mt. Gox Signals a Move Toward Liquidation",0.0
1593117664.0,Disgraced Lobbyist Jack Abramoff Headed Back to Jail,-0.4588
1506718270.0,Digital Currencies Are Growing on Faltering Foundations,0.1779
1412429146.0,The Long Cryptocon,0.0
1394567861.0,Will the Real Satoshi Nakamoto Please Stand Up?,0.3182
1395835890.0,Mt. Gox Seeks Advice From Japanese Police,0.0
1384204673.0,The Rush to Coin Virtual Money With Real Value,0.34
1390669219.0,"Joe on WNYC’s “Money Talking”: January 24, 2014",0.0
1393971708.0,"Silk Road, Shut Down in Fall, Had Digital Outpost in Pennsylvania",0.0
1530142191.0,A Field Guide to the Hurdles Facing Blockchain Adoption,0.0
1394042617.0,Plaintiffs in Suit Seek to Freeze Mt. Gox’s U.S. Assets,0.2263
1369877168.0,Anonymous Payment Schemes Thriving on Web,0.0
1393688478.0,"The Chatter for Sunday, March. 2",0.0
1466171866.0,A Hacking of More Than $50 Million Dashes Hopes in the World of Virtual Currency,0.4215
1394489265.0,"At SXSW Conference, a Mother Presses Her Son’s Case",0.0
1393689625.0,In Search of a Stable Electronic Currency,0.296
1563228892.0,"Cryptocurrencies Pose National Security Threat, Mnuchin Says",-0.25
1393368992.0,"Choose Your Monetary Adventure, Mt. Gox Edition",0.3182
1384825071.0,Quickly Gaining Value,0.6369
1387793213.0,Times Minute | Uncle Sam’s Clothing,0.0
1306712220.0,Some Faint Praise for Mr. Ballmer,0.5574
1418274107.0,"Ex-JPMorgan Executive to Join Circle, a Digital Currency Start-Up",0.296
1530133866.0,A Guide to the World of Blockchain,0.0
1402672211.0,Joe on WNYC’s Money Talking,0.0
1515012443.0,Russia and Venezuela’s Plan to Sidestep Sanctions: Virtual Currencies,0.0
1550224808.0,Is Blockchain Technology Overhyped?,0.0
1387793166.0,Times Minute | Uncle Sam's Clothing,0.0
1576663222.0,Twitter and Facebook Want to Shift Power to Users. Or Do They?,0.0772
1530142485.0,The People Leading the Blockchain Revolution,0.0
1594934134.0,Twitter Struggles to Unpack a Hack Within Its Walls,-0.3612
1403469032.0,"The Week Ahead: AT&T-DirecTV Hearing, and First-Quarter Growth",0.3818
1372776492.0,An E.T.F. Too Far,0.0
1480960489.0,"As Fintech Comes of Age, Government Seeks an Oversight Role",0.0
1544733412.0,Can Cryptocurrencies Survive the Start of Government Regulation?,0.0
1529956926.0,"With Cryptocurrencies in Free Fall, One Big Firm Doubles Down",0.5106
1516705222.0,"Paddle8, Online Art Auctioneer, Is Merging With Swiss Tech Company",0.0
1395787376.0,Wall St. rallies as consumers perk up,0.0
1517997626.0,Here Are the World’s Virtual Currency Billionaires (or at Least They Were),0.0
1380394455.0,"The Chatter for Sunday, September 29",0.0
1530054631.0,Drug Dealers Targeted in Sweep of Illicit Online Marketplaces,0.0
1517508002.0,Six Great Reads for Australians on the Culture-Tech Collision,0.3818
1560844810.0,"How Libra, Facebook’s Cryptocurrency, Would Work for You",0.0
1470215943.0,Morning Agenda: Profit at HSBC Plummets,0.4404
1396373033.0,Essay: The Real Competition to Virtual Currency,0.0
1366062828.0,Today’s Scuttlebot:  Wireless Pain and Apple Paychecks,-0.5106
1537899356.0,The Trouble With Cryptocurrency’s Viral Growth,-0.0258
1393693237.0,"Joe on WNYC’s Money Talking: February 28, 2014",0.0
1509110003.0,An Explanation of Initial Coin Offerings,0.0
1426962614.0,"What’s New, Pussycat? Meerkat!",0.0
1513346402.0,Farhad and Mike’s Week in Tech: Net Neutrality Is Gone,0.0
1353110178.0,Today’s Scuttlebot: EBay Twinkies and Obama’s Engineers,0.0
1398199489.0,"Barter, Haggle, Close, Rest",0.0
1463871618.0,"A Venture Fund With Plenty of Virtual Capital, but No Capitalist",-0.4215
1364420238.0,"Today’s Scuttlebot: New Directions in Start-Ups, and  iCloud Trouble",-0.4019
1381236047.0,Inquiry Into Illicit Online Marketplace Extends to Britain,0.128
1576097830.0,5 Charged in New Jersey in $722 Million Cryptocurrency Ponzi Scheme,-0.2023
1420240449.0,How My Mom Got Hacked ,-0.4019
1386334839.0,Today in Small Business: ‘The Waiter Terminator’,0.0
1521646576.0,Think Cryptocurrency Is Confusing? Try Paying Taxes on It,-0.2263
1522619682.0,Tech Thinks It Has a Fix for the Problems It Created: Blockchain,-0.1779
1533020809.0,Transaction Costs and Tethers: Why I’m a Crypto Skeptic,-0.2263
1494699357.0,"With New Digital Tools, Even Nonexperts Can Wage Cyberattacks",0.0
1608234513.0,"Coinbase, a top cryptocurrency company, files for initial public offering.",0.2023
1515841241.0,Everyone Is Getting Hilariously Rich and You’re Not,0.5574
1387761595.0,Bits and Barbarism,0.0
1495051254.0,"With Ransomware, It’s Pay and Embolden Perpetrators, or Lose Precious Data",-0.1027
1541100606.0,A Cryptocurrency Millionaire Wants to Build a Utopia in Nevada,0.0
1459961025.0,Ripple Aims to Put Every Transaction on One Ledger,0.0
1543438364.0,"Iranians Accused in Cyberattacks, Including One That Hobbled Atlanta",-0.296
1430388888.0,Morning Agenda: Salesforce Said to be Preparing for Takeover Offers,0.0
1536962447.0,The World of Today Brought to You by the Financial Crisis,-0.6249
1608606442.0,Cryptocurrency Company Ripple Is Sued by S.E.C.,0.0
1380727689.0,Arrest in U.S. Shuts Down a Black Market for Narcotics,-0.34
1527806347.0,Policing Cryptocurrencies Has Become a Game of Whack-a-Mole for Regulators,0.0
1394026947.0,A Legal Standoff in the Madoff Case,0.128
1373313560.0,"Today’s Scuttlebot: Pulling the Plug on MSN TV, and Computers Guessing Emotions",0.0
1432960210.0,Quotation of the Day,0.0
1524429942.0,A Former Top Wall Street Regulator Turns to the Blockchain,0.2023
1386109967.0,"Today’s Scuttlebot: The World’s Most Expensive Phone, and Why We Like Listicles",0.3612
1530143364.0,FUD and HODL: How to Speak Cryptoslang,-0.4278
1392727384.0,A $25 Billion Deal for Drug Makers,0.0
1516210016.0,9 Points to Guide Your Investments in 2018,0.0
1524174347.0,Venture Capitalists Seek ‘Safe Harbor’ for Virtual Currencies,0.0
1550154073.0,JPMorgan Chase Moves to Be First Big U.S. Bank With Its Own Cryptocurrency,0.0
1485795251.0,Hackers Use New Tactic at Austrian Hotel: Locking the Doors,0.0
1388325346.0,The Humor Test,0.2732
1505505703.0,Is There a Cryptocurrency Bubble? Just Ask Doge.,0.0
1525420803.0,He Fled a Prison in Iceland. Now It’s Good to Be Back.,-0.1027
1395431906.0,"Weekend Reading: March Madness, Wall St. Edition",-0.4404
1488230014.0,Business Giants to Announce Creation of a Computing System Based on Ethereum,0.2732
1507889943.0,Facebook Goes to Washington: DealBook Briefing,0.0
1373286209.0,This Week In Small Business: The Employer Mandate,0.0
1396636849.0,Weekend Reading: High-Frequency Reading,0.0
1520202217.0,Virtual Currency Offerings May Hit a New Peak with Telegram Coin Sale,0.0
1365017325.0,"Today’s Scuttlebot: Anonymous vs. North Korea, and Hijacked Webcams",0.0
1427732218.0,Charges Against Ex-Federal Agents in Silk Road Investigation,-0.2732
1415336219.0,"Man Charged With Operating Silk Road 2.0, a Black Market Website",-0.2023
1537916550.0,Another Sign of Mania in Cannabis Stocks: DealBook’s Closing Bell,0.0
1560232810.0,Dark Web Drug Sellers Dodge Police Crackdowns,0.0
1614084117.0,Janet Yellen Drops Hints,0.0
1518641488.0,Should Congress Create a Crypto-Cop?,0.2732
1448406796.0,Dream of New Kind of Credit Union Is Extinguished by Bureaucracy,0.5574
1525029564.0,"Blockchain Will Be Theirs, Russian Spy Boasted at Conference",0.0
1437991729.0,Morning Agenda: Teva to Buy Allergan Generic Drug Unit,0.0
1365538753.0,Today’s Scuttlebot: Texting on ‘Sherlock’ and Ethereal Images,0.0
1531510163.0,12 Russians Charged: Major Highlights of the Indictment and Rod Rosenstein’s Statement,-0.2023
1517306421.0,Kodak’s Dubious Cryptocurrency Gamble,-0.3612
1497949908.0,Morning Agenda: Barclays Charged with Fraud,-0.6808
1393905604.0,"Corrections: March 4, 2014",0.0
1606214704.0,Who Will Miss the Coins When They’re Gone?,-0.1531
1502539209.0,Mike’s and Katie’s Week in Tech: Uber Infighting and the Google Memo,0.0
1519178783.0,"Venezuela Launches Virtual Currency, Hoping to Resuscitate Economy",0.4215
1527776685.0,"In the World of Cryptocurrency, Even Good Projects Can Go Bad",-0.1531
1410390232.0,The Digital Wallet Revolution,0.0
1409014269.0,Election Panel Enacts Policies by Not Acting,0.0
1536783230.0,"When Cryptocurrencies Fluctuate, He Uses These Tech Tools to Keep Track",0.0
1501787918.0,Grandpa Had a Pension. This Generation Has Cryptocurrency.,0.0
1614258191.0,Has McKinsey Lost Its Luster?,-0.3182
1433178501.0,Work and Play in Paris's Silicon Sentier,0.34
1397044847.0,Readers Respond: How Should Apple Spend Its Billions?,0.0
1516356003.0,Behind the Cover: 1.21.18,0.0
1464390289.0,Paper Points Up Flaws in Venture Fund Based on Virtual Money,0.0
1498262935.0,Easiest Path to Riches on the Web? An Initial Coin Offering,0.7351
1573042687.0,China Gives Digital Currencies a Reprieve as Beijing Warms to Blockchain,0.2732
1388499222.0,Cynical Fantasies,-0.3818
1438019388.0,"The World Wide Web, the New Frontier in Fraud",-0.5859
1400421658.0,"Marc Andreessen on the Future of Silicon Valley(s), and the Next Big Technology",0.0
1366615699.0,"Test Yourself | Math, April 22, 2013",0.0
1385581978.0,Thanksgivukkah Reading: A Lending Boom for ‘the Devil Incarnate’,-0.6597
1511180264.0,DealBook Briefing: U.S. Sues to Block AT&T-Time Warner,-0.4404
1396386325.0,A Revolution in Money,0.0
1560982316.0,"Hit by Ransomware Attack, Florida City Agrees to Pay Hackers $600,000",-0.4019
1543953605.0,The Hope and Betrayal of Blockchain,-0.2263
1530144924.0,Demystifying the Blockchain,0.0
1512607439.0,"North Carolina County Refuses to Pay $23,000 Ransom to Hackers",-0.1027
1512607439.0,"North Carolina County Refuses to Pay $23,000 Ransom to Hackers",-0.1027
1390916689.0,Tension Grows Between Japan and China,-0.3182
1513860079.0,"Eric Schmidt, Alphabet’s ‘Ambassador,’ to Step Down: DealBook Briefing",0.0
1610732421.0,The Weekender,0.0
1394195321.0,Cerberus and Safeway Strike $9 Billion Deal,-0.128
1530142817.0,From Furniture to Cryptocurrency — Overstock Is on a Journey,0.0
1412594080.0,Morning Agenda: HP Announces a Split,0.0
1516370401.0,Farhad’s Week in Tech: Big Tech Is Pouring Love on America. Thank Trump?,0.7717
1425645078.0,Morning Agenda: Big Banks Pass Stress Tests,-0.4215
1422472181.0,"At Silk Road Trial, Lawyers Fight to Include Evidence They Call Vital: Emoji",-0.1027
1408445148.0,Morning Agenda: Dollar Store Deal Frenzy,-0.3182
1408099329.0,Morning Agenda: Tension Mounts Over Derivatives,-0.3182
1515842901.0,Will Cryptocurrencies Be the Art Market’s Next Big Thing?,0.0
1393434317.0,Today in Small Business: Online Reviews Matter More Than Most Owners Think,0.0258
1537828510.0,From Farm to Blockchain: Walmart Tracks Its Lettuce,0.0
1416313083.0,Morning Agenda: Return of the Mega-Merger,0.0
1409702891.0,The Elections Cop Invites Mischief,-0.3612
1337024242.0,"Today’s Scuttlebot: Virtual Robbery, and Tracking Apple Rumors",0.0
1392142054.0,Today in Small Business: Million-Dollar Tweets,0.0
1404196225.0,Student Crossword | Economics Basics,0.0
1512995424.0,Icahn Picks New Board Fight With Xerox: DealBook Briefing,-0.3818
1618398908.0,Here is what happened in markets today.,0.0
1562919305.0,Facebook’s Digital Money Could Mean Fabulous Wealth. Or Not.,0.765
1437697311.0,"5 Men, 2 Fraud Schemes and a Possible Link to JPMorgan Chase Hacking",-0.5859
1420634451.0,Morning Agenda: Bond Prices Flash Warning,-0.34
1394466912.0,Today in Small Business: The Stars of Vine,0.0
1427726830.0,"Inquiry of Silk Road Website Spurred Agents’ Own Illegal Acts, Officials Say",-0.5574
1439359232.0,Student Crossword | Financial Matters,0.0258
1459969910.0,"For Fintech Start-Ups, Efforts to Rethink Rules That Cramp Innovation",0.2023
1511726611.0,Initial Coin Offerings Horrify a Former S.E.C. Regulator,-0.5423
1525690823.0,Is Comcast Going to Crash Disney’s Deal With Fox?: DealBook Briefing,-0.4019
1449930617.0,Farhad and Mike’s Week in Tech: Tempering Walmart’s Digital Ambitions,0.0
1393503771.0,Credit Suisse Under Scrutiny,0.3818
1409049326.0,Morning Agenda: Amazon Scoops Up Twitch,0.1779
1387375770.0,Talent Agency Deal to Reshape Hollywood Landscape,0.4215
1616504783.0,The mayor of Miami is trying to rebrand the city as a crypto hub.,0.0
1605873605.0,How an Online Attack ‘Brought Twitter to Its Knees’,-0.4767
1494803980.0,"How to Catch Hackers? Old-School Sleuthing, With a Digital Twist",0.0
1509110480.0,How Floyd Mayweather Helped Two Young Guys From Miami Get Rich,0.5574
1384883607.0,Today in Small Business: Turkey Shortage?,-0.25
1418216146.0,Morning Agenda: New Capital Rule for Big Banks,0.0
1608293514.0,Catch up: Coinbase files for initial public offering.,0.0
1516179110.0,Trevor Noah Is Skeptical About Trump’s Health Report,-0.3182
1481549086.0,Hedge Fund Driven by Anonymous Ideas Gets New Investments,0.0
1395680937.0,Today in Small Business: From the Web to Bricks and Mortar,0.0
1421239928.0,Morning Agenda: Profit Falls at JPMorgan,0.4404
1405664756.0,Student Crossword | Currency Around the World,0.0
1476471256.0,"Canada Today: Economic Bright Spots, and Some Disquieting Mail",0.4404
1464254343.0,Morning Agenda: Peter Thiel’s Secret War With Gawker,-0.5994
1499379611.0,"AlphaBay, Biggest Online Drug Bazaar, Goes Dark, and Questions Swirl",0.0
1441015094.0,Morning Agenda: Challenges on All Sides for the Fed,0.0772
1430388008.0,In Code We Trust,0.5106
1390066264.0,Eagle Scout. Idealist. Drug Trafficker?,0.3818
1519600745.0,Women in Cryptocurrencies Push Back Against ‘Blockchain Bros’,0.0
1544522404.0,Who’s Living in a ‘Bubble’?,0.0
1441919799.0,A Venezuelan in Silicon Valley Finds a Niche in Finance,0.0
1514418636.0,"Some Things About Tech Were Good in 2017. No, Really.",0.1779
1406838675.0,‘New Hells’,0.0
1613877606.0,"Join Clubhouse! Umm, What Is Clubhouse?",0.3595
1391202793.0,Weekend Reading: Super Bowl Quotes for Wall Street,0.5994
1391794711.0,Today in Small Business: The Harlem Renaissance,0.0
1404319275.0,Today in Small Business: Speed-Dating,0.0
1393331152.0,@GSElevator’s Big Reveal,0.0
1594965385.0,"Trump’s Campaign Manager Wasn’t the Problem, Late Night Agrees",-0.2263
1394900625.0,The Threats That Help PayPal,-0.0258
1438596041.0,Morning Agenda: Health Care Deals Raise Doubts for Consumers,0.25
1544735374.0,Bomb Threats Sent to Schools and Businesses Across U.S.,-0.7184
1530141294.0,Other Countries Forge Ahead on Crypto Regulations,0.0
1421127385.0,Trial Over a Man’s Role in a Black Market Begins,0.0
1401897127.0,Today in Small Business: The Suitcase Entrepreneur,0.0
1515160940.0,Comedy in NYC This Week,0.3612
1616423853.0,Jerome Powell says the Fed won’t issue a digital currency without congressional approval.,-0.3724
1561708808.0,"Talking to Neal Stephenson, Whose New Novel, ‘Fall,’ is at No. 14",0.0258
1385141546.0,Today in Small Business: Forget Consumer Confidence,0.34
1616066483.0,A Return to Wall Street’s Low-Rent District,0.0
1426071944.0,Morning Agenda: Citigroup’s Resurgence,0.0
1420460864.0,Morning Agenda: Banner Year for Fund-Raising,0.0
1501934408.0,Farhad’s and Mike’s Week in Tech: A Snap and Google Tie-Up?,0.0
1393851052.0,A Record Profit for Berkshire,0.4404
1415296494.0,Today in Small Business: Veteran-Owned Businesses,0.0
1438128091.0,U.S. Extends Investigation of JPMorgan Chase Hacking,0.128
1549224397.0,"Behind Tech’s Shine, Some Warnings Signs Appear",-0.296
1517565630.0,Making a Crypto Utopia in Puerto Rico,0.0
1404382551.0,Morning Agenda: When the C.E.O. Gets Sick,-0.5106
1525793911.0,Why A.I. and Cryptocurrency Are Making One Type of Computer Chip Scarce,0.0
1494825127.0,The Fallout From a Global Cyberattack: ‘A Battle We’re Fighting Every Day’,-0.6249
1563286294.0,Facebook Cryptocurrency Plans Have a Problem: Facebook’s Reputation,-0.4019
1365764524.0,JPMorgan Kicks Off Bank Earnings,0.0
1494608409.0,What We Know and Don’t Know About the International Cyberattack,0.0
1394110250.0,More Trouble For a Once-Mighty Law Firm,-0.4576
1609383604.0,"Squirming, Maybe",0.0
1455273993.0,Morning Agenda: Fears Over Central Bank Moves,-0.4215
1517488190.0,"Apple, Alphabet, Amazon Reported Results. Here’s How They Fared: DealBook Briefing",0.1779
1405940423.0,Rand Paul Talks Tech,0.0
1402325860.0,Today in Small Business: Should Your Data Be in the Cloud?,0.0
1409068501.0,Today in Small Business: The Problem With Passion,0.0772
1391776800.0,A Guilty Verdict for Former SAC Trader,-0.296
1487795701.0,Silicon Valley Tried to Upend Banks. Now It Works With Them.,0.0
1403792754.0,Today in Small Business: ‘Seniorpreneurs’,0.0
1401983757.0,Today in Small Business: Women in Manufacturing,0.0
1383145231.0,Today in Small Business: AdWords or Bing?,0.0
1392122801.0,Examining AOL’s Apology,0.0516
1386361020.0,Weekend Reading: Giving Credit for the Volcker Rule,0.6124
1584074807.0,Stocks Rally as Trump and Business Leaders Pledge Support,0.4019
1404210793.0,Morning Agenda: The Road to BNP’s Guilty Plea,-0.4215
1386939083.0,How Blackstone Made Money on Hilton,0.0
1515673155.0,The Numbers Behind Walmart’s Pay Raise: DealBook Briefing,-0.1027
1417785057.0,Morning Agenda: Uber Garners $40 Billion Valuation,0.0
1512601310.0,What We’re Reading,0.0
1418404539.0,Today in Small Business: The Future of Payments,0.0
1519870568.0,Subpoenas Signal S.E.C. Crackdown on Initial Coin Offerings,0.0
1488281289.0,"Morning Agenda: Ethereum, Uber and Money Management Fees",0.0
1436989643.0,Santander Consumer USA Names Blythe Masters Chairwoman,0.0
1412693704.0,Today in Small Business: A Perfect Yelp Response,0.5719
1396436485.0,Stemming Departures at SAC,0.0
1415378430.0,International Raids Target Sites Selling Contraband on the ‘Dark Web’ ,0.0
1617958806.0,Are NFT Purchases Real? The Dollars Are.,0.0
1584694835.0,The Coder and the Dictator,0.0
1542906202.0,American-Israeli Teenager Is Sentenced to 10 Years for Bomb Hoaxes,-0.5106
1619462750.0,Still Getting Your Head Around Digital Currency? So Are Central Bankers.,0.0
1530142972.0,Governments Explore Using Blockchains to Improve Service,0.4404
1610492650.0,"25th Amendment, Vaccines, Netflix: Your Tuesday Evening Briefing",0.0
1396551622.0,Tech Start-Ups Are Targets of Ransom Cyberattacks,0.0
1558549861.0,Hackers Are Holding Baltimore Hostage: How They Struck and What’s Next,-0.25
1616155901.0,How Much Work Is Too Much Work?,0.0
1425299516.0,Morning Agenda: Buffett Hints at Successor,0.2263
1404296402.0,Morning Agenda: JPMorgan Chief Has ‘Curable’ Cancer,-0.6597
1367924009.0,Pondering a Berkshire Without Buffett,0.0
1516796975.0,The Charity Scandal That Ensnared U.K. Business Elites: DealBook Briefing,-0.0258
1505726318.0,Morning Agenda: Tech Giants Feel the Pressure Worldwide,-0.296
1439286971.0,DealBook: Stock Buybacks Draw Scrutiny,0.0
1505726318.0,Morning Agenda: Tech Giants Feel the Pressure Worldwide,-0.296
1408340059.0,"Corrections: August 18, 2014",0.0
1459961330.0,The Evolution of Fintech,0.0
1394538819.0,Icahn’s Fight Against eBay,-0.3818
1366306886.0,One Man’s Currency Is Another Man’s Bet,0.0
1422836977.0,New Magazine Teaches Children Financial Lessons ,0.0
1410259005.0,Morning Agenda: Fed’s Diet Plan for Banks,0.0
1511282299.0,Iranian Hacker Charged in HBO Hacking That Included ‘Game of Thrones’ Script,-0.2023
1402931492.0,Today in Small Business: ‘Webrooming’ Versus ‘Showrooming’,0.0
1530141482.0,Crypto Industry Frustrated by Haphazard Regulation,-0.5267
1533099606.0,A Push for 3-D Weapons by One of the World’s ‘Most Dangerous People’,-0.7184
1538403302.0,I Created ‘The Bernank’ on YouTube. And I Was Mostly Wrong.,-0.2732
1393012820.0,Weekend Reading: Which Technology Pundit Are You?,0.0
1392411084.0,Weekend Reading: Cable Deals and JPMorgan Hiring,0.0
1606219750.0,The pandemic is accelerating a change to change (the coin kind).,0.0
1611914409.0,What’s Happening to Our Economy Is Like a Natural Disaster,-0.0258
1436539950.0,Editors’ Choice,0.0
1418823261.0,Daily Clip Report,0.0
1496857824.0,Tech Roundup: Remember Chain Letters? Hackers Do,0.0
1496857824.0,Tech Roundup: Remember Chain Letters? Hackers Do,0.0
1419019060.0,1. ___________ Weighs In on Goldman’s Crossword Puzzle,0.0
1376344578.0,Today’s Scuttlebot: Hullabaloo Over the ‘Hyperloop’,0.0
1498670139.0,"Daily Report: Meet WannaCry’s Meaner, More Clever Sibling",0.5095
1519130434.0,Judge Deals AT&T a Setback: DealBook Briefing,0.0
1511353377.0,DealBook Briefing: Nelson Peltz’s Trian Pushes Back as P.&G. Reviews Vote,0.0
1384704007.0,Disruptions: A Digital Underworld Cloaked in Anonymity,-0.34
1372705980.0,"Today’s Scuttlebot: Firefox Smartphone, and Virus Collector",0.0
1384963571.0,Today in Small Business: 577 Million Vacation Days,0.0
1531494570.0,12 Russian Agents Indicted in Mueller Investigation,0.0
1379713804.0,"Today’s Scuttlebot: As iPhones Go on Sale, Tim Cook Tweets",0.0
1542713897.0,DealBook Briefing: Can Carlos Ghosn’s Auto Empire Survive His Fall?,0.0
1613133690.0,"For Shell, Oil Is Past Its Peak",0.0
1385384360.0,Malone Aims to Shake Up Cable TV,-0.1779
1386677998.0,What’s in the Volcker Rule,0.0
1405679071.0,Morning Agenda: AbbVie Wins Deal for Shire,0.5719
1507023608.0,"The Electric Future, Waymo Documents, Uber: DealBook Briefing",0.0
1386252215.0,Lew Sizes Up Financial Reform,0.0
1503347637.0,Identity Thieves Hijack Cellphone Accounts to Go After Virtual Currency,-0.5106
1611577597.0,Progressives are mad at Biden for his potential pick for banking regulator.,-0.4939
1385472254.0,Activist Funds and Board Influence,0.0
1527251405.0,A Blockchain Building in Bushwick,0.0
1391124756.0,Yahoo Reports Attack on Mail Accounts,-0.4767
1439820224.0,Old Models Don't Fit the New Economy,-0.2755
1455619583.0,Morning Agenda: Stock Markets Spring Back,0.0
1384883039.0,‘Selfie’ Trumps ‘Twerk’ as Oxford Dictionaries Word of the Year,0.0
1614079522.0,Reading Between the Lines: A Conversation With Janet Yellen,0.0
1432137255.0,Key Cases for the Sheriff of Wall Street,0.0
1369962007.0,"Corrections: May 31, 2013",0.0
1388910019.0,"Corrections: January 5, 2014",0.0
1423021524.0,"In Closing Arguments, Conflicting Accounts of Man’s Role in Silk Road",-0.6597
1618135203.0,The Week in Business: Amazon Defeats the Union,-0.1531
1437504036.0,4 Arrested in Schemes Said to Be Tied to JPMorgan Chase Breach,-0.4767
1391000722.0,State of the Union Highlights Economic Inequality,0.0
1595498704.0,Twitter’s user count surged but its revenue fell in the second quarter.,0.0
1497182405.0,5 Things to Consider Before Buying Today’s Hot Investment,0.0
1394626518.0,A Look at Citi’s Challenges in Mexico,0.0772
1405349220.0,Today in Small Business: Why This Post Is Not Going Viral,0.0
1380841605.0,"Today’s Scuttlebot: Twitter’s I.P.O. Filing, and Adobe Hacked",-0.4019
1377711942.0,"Oxford Dictionaries Online Adds ‘Selfie,’ ‘Emoji’ and Other Tech-Oriented Terms",0.0
1513811428.0,"Republican Party, Jerusalem, Uber: Your Wednesday Evening Briefing",0.4019
1493510949.0,Hacker Leaks Episodes From Netflix Show and Threatens Other Networks,-0.3818
1618413304.0,We Don’t Need Tech Infomercials,0.0
1516272038.0,"Donald Trump, North Korea, Apple: Your Thursday Briefing",0.0
1423083477.0,Man Behind Silk Road Website Is Convicted on All Counts,0.0
1383846378.0,Today in Small Business: Amazon’s Trojan Rabbit,0.0
1516107167.0,"G.E. Weighs Changes, but Investors Hear ‘Breakup’: DealBook Briefing",0.0
1453460065.0,Morning Agenda: Jamie Dimon’s Pay Rises to $27 Million,-0.1027
1441062117.0,End-of-Summer Business Reading: Dreamers and the Defiant,-0.2263
1617121349.0,"Art’s NFT Question: Next Frontier in Trading, or a New Form of Tulip?",0.0
1594894150.0,‘Tough Day for Us at Twitter’,0.0
1519063371.0,Why A.I. Researchers at Google Got Desks Next to the Boss,0.0
1505487519.0,Mass Psychology Supports the Pricey Stock Market,0.3612
1388932627.0,American Dialect Society Chooses ‘Because’ as Word of the Year,0.0
1397221742.0,For All It’s Worth,0.2263
1463599775.0,LinkedIn Says Hackers Are Trying to Sell Fruits of Huge 2012 Data Breach,0.3182
1618931575.0,"LVMH, Richemont and Prada unite behind a blockchain consortium.",0.0
1512043202.0,"Review: ‘The New Radical’ Asks, Is It O.K. to Build Your Own Gun?",-0.34
1515762081.0,New Facebook Should Benefit Investors Long Term: DealBook Briefing,0.4588
1393239600.0,"Google, Riding Off Into the Sunset",0.0
1391695110.0,A Shrug at Puerto Rico’s Debt Downgrade,-0.3612
1583339409.0,Can You Really Hire a Hit Man on the Dark Web?,0.0
1395057338.0,Alibaba’s New York State of Mind,0.0
1443172632.0,Morning Agenda: Dollar Rises After Yellen’s Talk,0.0
1534239244.0,DealBook Briefing: Elon Musk Has Answers. We Still Have Questions.,0.0
1441875571.0,Morning Agenda: Justice Department Sets Sights on Wall Street Executives,0.5267
1455655983.0,"As Marijuana Sales Grow, Start-Ups Step In for Wary Banks",0.0
1595152804.0,The Week in Business: Twitter’s Mystery Hackers,0.0
1542862924.0,Fine-Tuning Hublot’s ‘Art of Fusion’,0.0
1536091135.0,Greek Court Rules for Russia in Fight Over Cybercrime Suspect,-0.5859
1563981573.0,"Who Cancels Lunch With Warren Buffett? A Chinese Tycoon Did, but Why?",-0.2047
1541119549.0,Peter Thiel Is a Man on an Island,0.0
1617782421.0,Missouri Man Gets 12 Years in Prison for Trying to Buy a Chemical Weapon,-0.6705
1386949866.0,Today in Small Business: The Coolest Small Businesses in America,0.0
1456851847.0,Sallie Krawcheck Joins Board of Software Start-Up,0.0
1386721090.0,"Today’s Scuttlebot: Foursquare Regains Its Place, and How a Colombian Cartel Got Your Phone",0.0
1401353860.0,New York Today: Manhattanhenge,0.0
1386968292.0,Weekend Reading: The Twelve Days of Wall Street,0.0
1433491285.0,High Inflation Makes Ukraine’s Troubled Situation Worse,-0.7269
1385704806.0,"Corrections: November 29, 2013",0.0
1498579445.0,Global Ransomware Attack: What We Know and Don’t Know,-0.4767
1390926790.0,Today in Small Business: Raising Prices,0.0
1421896726.0,"In Journal, Man Wrote of Creating Silk Road, an Online Black Market, Prosecutors Say",0.296
1395432930.0,Silk Road Case Began With Hunt for a John Doe,0.0
1512388145.0,The Deal Makers on CVS’s Bid for Aetna: DealBook Briefing,0.0
1452855925.0,Morning Agenda: Morgan Stanley Heeds Investors,0.0
1514980068.0,Tesla Pushes Back Its Model 3 Targets Again: DealBook Briefing,0.0
1617618388.0,Companies Can’t Stay on the Political Sidelines,0.0
1618914434.0,Dogecoin fans push ‘Doge Day’ while global stocks fall.,0.0
1594967401.0,"News Quiz: China, Twitter, Disney",0.0
1618482494.0,Waiting for a Crypto Boom in the Public Markets,0.0
1401446404.0,Food Fight,-0.3818
1386852619.0,JPMorgan Nears Settlement in Madoff Case,0.0
1562690333.0,"Fix Your Finances, Simply. Try the 7-Day Money Challenge.",0.0772
1387322841.0,"Today’s Scuttlebot: Facebook’s Robot Philosopher, and the $357 Uber Ride",0.0
1541062815.0,"Alas, the Blockchain Won’t Save Journalism After All",0.2732
1405958688.0,Today in Small Business: A Hamster Wheel for Cats,0.0
1450836732.0,"For Martin Shkreli and Others, ‘No Comment’ Is Not in the Script",0.0
1561723204.0,The Week in Tech: Can You Put a Price on Your Personal Data?,0.0
1457982113.0,"Goldman Sachs to Buy Honest Dollar, a Small Plan Start-Up",0.5106
1490468198.0,North Korea’s Rising Ambition Seen in Bid to Breach Global Banks,0.0
1408981018.0,Today in Small Business: The Skills Gap,0.0
1406558940.0,Today in Small Business: Zico Versus Vita Coco,0.0
1515068842.0,Trump Moves to Greatly Expand Offshore Drilling: DealBook Briefing,0.3804
1395665759.0,A Top JPMorgan Banker Is Departing,0.2023
1395919739.0,A Failure for Citigroup,-0.5106
1561652489.0,"Another Hacked Florida City Pays a Ransom, This Time for $460,000",-0.4019
1558803321.0,"The Week in Business: Farmers Get a Bailout, and Trump Heads to Japan",-0.1027
1514492446.0,"CryptoKitties, Explained ... Mostly",0.0
1506506600.0,The Tax Overhaul; Microsoft’s C.E.O. on Equality: DealBook Briefing,0.0
1496789552.0,Ponzi Scheme Meets Ransomware for a Doubly Malicious Attack,-0.4767
1572458787.0,2 Plead Guilty in 2016 Uber and Lynda.com Hacks,-0.4215
1565773204.0,"They Stole Your Files, You Don’t Have to Pay the Ransom",-0.1027
1601968695.0,"John McAfee, Software Pioneer Who Fled the Law, Is Arrested in Spain",-0.4767
1545438260.0,"Timothy C. May, Early Advocate of Internet Privacy, Dies at 66",0.0
1450402337.0,Shkreli Indictment Portrays Small-Time Fraud ,-0.5859
1602440652.0,When Your Last $166 Vanishes: ‘Fast Fraud’ Surges on Payment Apps,0.0
1524246929.0,What Happened to Matthew Mellon,0.0
1514855884.0,Toasts to the Deals (and Other Winners) of 2017,0.0
1616788072.0,"Why Did Someone Pay $560,000 for a Picture of My Column?",-0.1027
1612814598.0,Your Tuesday Briefing,0.0
1513081855.0,How Alabama’s Election Could Reshape Washington’s Policy Battles: DealBook Briefing,-0.3818
1366714843.0,Bright Passages,0.4404
1462526193.0,Morning Agenda:  Donald Trump Names Hedge Fund Manager as National Finance Chairman,0.0
1466585406.0,Morning Agenda: Elon Musk Wants to Merge SolarCity With Tesla,0.0
1389960972.0,Banks Keep Mouths Shut on Litigation Reserves,-0.2023
1400771756.0,Today in Small Business: Detroit Is Doing Something Right,0.0
1515548684.0,Kodak Last-Gasp Hope: KodakCoin,0.4404
1394089250.0,"Corrections: March 6, 2014",0.0
1478689355.0,Morning Agenda: Trump Triumphs and Global Markets Plummet,0.4588
1365746256.0,IHT Quick Read: April 12,0.0
1459969216.0,Ranking the Top Fintech Companies,0.2023
1513772276.0,It’s a Merry ‘Taxmas’ for AT&T Employees: DealBook Briefing,0.5423
1404920811.0,Today in Small Business: Paying Employees After a Fire,-0.34
1396350144.0,Taking On Flash Trading,0.0
1467970362.0,Morning Agenda: Growing Unease as British Mutual Funds Block the Exit Doors,-0.5994
1389359020.0,Today in Small Business: Celebrity Business Failures,-0.4588
1494190649.0,Hackers Find Celebrities’ Weak Links in Their Vendor Chains,-0.4404
1446720499.0,"Your Thursday Briefing: Egypt, Justin Trudeau, Bush Biography",0.0
1529009960.0,"Comey, Trump Foundation, Border: Your Thursday Evening Briefing",0.0
1396035803.0,"Weekend Reading: March Madness, Wall St. Edition II",-0.4404
1516107623.0,A Wall Street Giant Makes a $75 Million Bet on Academic Philosophy,0.0
1447178365.0,Prosecutors Announce More Charges in Hacking of JPMorgan Chase,-0.3384
1541426629.0,‘It’s Really About the State for Me’: Dianne Feinstein on Running Again,0.0
1525467807.0,"Unemployment, N.R.A., Kentucky Derby: Your Friday Evening Briefing",-0.4404
1511963520.0,California Today: Graduate Students Fear Tax Increase,-0.2263
1403812703.0,Your Evening Briefing,0.0
1530962988.0,"Teachers, How Do You Connect Your Curriculum to Current Events and Issues?",0.0
1520488806.0,What’s on TV Thursday: ‘Jessica Jones’ and ‘Atlanta’,0.0
1448449949.0,Morning Agenda: Treasury Secretary Warns Foes of Dodd-Frank,-0.3818
1397778856.0,2014 Soleil Anadi: Adding Some Elegance to the Corvette,0.4767
1394212948.0,Today in Small Business: Is It the End of the Supermarket?,0.0
1522280646.0,Boeing Possibly Hit by ‘WannaCry’ Malware Attack,-0.4767
1463165908.0,Computer Security for Banks Demands a United Effort,0.6369
1543318477.0,DealBook Briefing: G.M.’s Cuts Spell Trouble for the Economy,-0.5994
1596781801.0,"News Quiz: Beirut, TikTok, Census Bureau",0.0
1408714579.0,Today in Small Business: The Next Cronut,0.0
1408128223.0,"Weekend Reading: Derivatives, Mortgages and Repo Markets in 2014 or 2008?",0.0
1499346754.0,Hacker Who Aided Russian Intelligence Is Sentenced to 2 Years,0.4588
1614862805.0,"Square acquires majority of Tidal, Jay-Z’s streaming service, in $297 million deal.",0.0
1396973798.0,Today in Small Business: The Cost of a Bad Hire,-0.5423
1389980924.0,Today in Small Business: Target Goes Small,0.0
1389633508.0,Today in Small Business: Learning From the Big Sites,0.0
1604665470.0,The Media’s Complicated Relationship With Trump,0.0
1457546890.0,Growth of Financial Tech Industry Requires Unified Regulation,0.6369
1389704377.0,Today in Small Business: Facebook’s Star Rankings,0.0
1387474490.0,Today in Small Business: Newcandescents,0.0
1389031516.0,Today in Small Business: Running Out of Marijuana,0.0
1394730054.0,Today in Small Business: Clueless Sales Representatives,-0.3612
1431080856.0,Morning Agenda: 2 Banks Agree to Erase Zombie Debts,0.3612
1618417409.0,NFTs Have a Climate Problem,-0.4019
1519088457.0,How Banks Could Control Gun Sales if Washington Won’t,-0.34
1540022404.0,How the Blockchain Could Break Big Tech’s Hold on A.I.,0.0
1438615507.0,The Challenges of Fighting Money Laundering,-0.296
1422756027.0,"$3 Tip on a $4 Cup of Coffee? Gratuities Grow, Automatically ",0.0
1516623690.0,What Will Trump Do in Davos: DealBook Briefing,0.0
1488740004.0,"Donald Trump, Mosul, China: Your Morning Briefing",0.0
1427828658.0,"Investing Early On for Insights, Not Profits",-0.3412
1608313029.0,The Weekender,0.0
1515588080.0,DealBook Briefing: Buffett Succession Plan Gets Clearer,0.2023
1577477690.0,Milestones in Mistrust,0.0
1542636196.0,The Chip Industry Can’t Seem to Escape Its Boom-and-Bust Past,0.1779
1395316686.0,Questioning the Leverage Ratio,-0.1027
1596494118.0,F.T.C. Investigating Twitter for Potential Privacy Violations,-0.5267
1619297528.0,Elon Musk to Host ‘Saturday Night Live’,0.0
1424314803.0,Digital Currency,0.0
1519812013.0,What Would Your Ideal City Look Like?,0.7096
1403710152.0,Today in Small Business: Women Are Starting More Businesses (But That Might Not Be Good),0.0
1395851974.0,Today in Small Business: Personalized Shopping,0.0
1393957861.0,Today in Small Business: Kitchen Incubators,0.0
1377698437.0,Today in Small Business: #Cliffgate,0.0
1559670981.0,S.E.C. Sues Social-Media Company Kik Over Digital Coin Offering,0.0
1440714737.0,Ashley Madison Users Face Threats of Blackmail and Identity Theft,-0.4215
1525507210.0,11 of Our Best Weekend Reads,0.6369
1390396657.0,El-Erian Resigns From Pimco,-0.3182
1397213863.0,A Miss for JPMorgan,-0.1531
1394637909.0,Today in Small Business: Yelp Gets Negative Reviews,-0.5719
1380810138.0,Today in Small Business: Free Popcorn,0.5106
1550901604.0,What’s on TV Saturday: ‘O.G.’ and the Film Independent Spirit Awards,0.5719
1520229618.0,What’s on TV Monday: ‘The Bachelor’ and ‘Delicious’,0.0
1380810138.0,Today in Small Business: Free Popcorn,0.5106
1480109615.0,Value of Payments Provider Stripe Doubles to $9.2 Billion,0.34
1409672414.0,Today in Small Business: Made in the U.S.A.,0.0
1394794283.0,China Puts a Stop to Plans for Virtual Credit Cards,0.1027
1618304410.0,Cryptocurrency’s Newest Frontier,0.0
1614688034.0,The Most Important Lawsuit You’ve Never Heard Of,-0.022
1595241536.0,C.E.O.s Say ‘It’s a Grind’,0.0
1554196974.0,DealBook Briefing: Lyft Crashes Back to Reality,0.0
1400235212.0,Big Breaks for Banks,0.0
1530474564.0,Here’s Some Cryptocurrency. Now Please Use It.,0.3182
1530474564.0,Here’s Some Cryptocurrency. Now Please Use It.,0.3182
1501040029.0,"Donald Trump, Republican Party, Russia: Your Wednesday Briefing",0.4019
1617877575.0,"A Tax Change Is Coming, Maybe",0.0
1606824454.0,Nasdaq Pushes for Diversity in the Boardroom,0.0
1409914271.0,Morning Agenda: Europe’s Bond-Buying Bet,0.0
1594916840.0,How Our Reporter Fought ‘Doomscrolling’,-0.3182
1384263679.0,Obama’s Pick to Lead Trading Commission,0.0
1586987913.0,"U.S. Accuses North Korea of Cyberattacks, a Sign That Deterrence Is Failing",-0.6908
1556053759.0,"Sri Lanka, Supreme Court, Lizzo: Your Tuesday Evening Briefing",0.5574
1532891807.0,"Have a Cryptocurrency Company? Bermuda, Malta or Gibraltar Wants You",0.0
1532891807.0,"Have a Cryptocurrency Company? Bermuda, Malta or Gibraltar Wants You",0.0
1517512668.0,"North Korea, Republican Party, Facebook: Your Friday Briefing",0.4019
1516281431.0,Australia vs. Canada. The Results Are In.,0.0
1509920615.0,A Bull Market Should Make Investors Happy. This One Isn’t.,0.5719
1506967294.0,"Las Vegas, Catalonia, North Korea: Your Tuesday Briefing",0.0
1505328804.0,"North Korea, Rohingya, United Nations: Your Thursday Briefing",0.4215
1501095684.0,"White House, Jeff Sessions, North Korea: Your Thursday Briefing",0.0
1441102525.0,Morning Agenda: David Einhorn Surveys Investors,0.0
1619251217.0,MacKenzie Scott Gave Away Billions. The Scam Artists Followed.,-0.5719
1571949903.0,Can We Trust Facebook to Run a Bank?,0.5106
1396358555.0,Consumers Are Still Seeing Seams in the Mobile Wallet,0.0
1516858013.0,Australia Day’s Multicultural Significance,0.2732
1512673167.0,"Jerusalem, Al Franken, Los Angeles: Your Friday Briefing",0.0
1502218309.0,"North Korea, Google, Jacob Zuma: Your Wednesday Briefing",0.0
1432926093.0,"Ross Ulbricht, Creator of Silk Road Website, Is Sentenced to Life in Prison",-0.5267
1398249967.0,Big Pharma’s Deal Bonanza,0.0
1610705021.0,"From the Capitol to Australian Skies, Misinformation Finds Supporters",0.1531
1606776224.0,"Online Shopping, Virus in Winter, Stock Market: Your Monday Evening Briefing",0.0
1532685155.0,DealBook Briefing: This Trade Truce Feels Familiar,0.0
1512054813.0,"Markets Pass Another Milestone, as Investors Remain Fearless",0.4404
1616256003.0,Variety: Puns and Anagrams,0.0
1409810002.0,"Corrections: September 4, 2014",0.0
1390409842.0,Today in Small Business: ‘Anticipatory Shipping’,0.0
1417005779.0,Morning Agenda: Financing for Suit by Steven Cohen’s Ex-Wife,0.0
1415639070.0,Today in Small Business: Start-Ups Founded by Women,0.0
1405606093.0,Today in Small Business: an App for Google AdWords Express,0.0
1473134426.0,What’s on TV Tuesday: ‘Atlanta’ and ‘Queen Sugar’,0.0
1405096411.0,"Gwen Stefani Returns to the Runway, Ellen DeGeneres’s Lifestyle Line and Kendall Jenner’s Couture Debut",0.0
1390566429.0,JPMorgan’s Chief Gets a Pay Raise,-0.1027
1417629688.0,Today in Small Business: Pregnancy Discrimination,0.0
1332725112.0,‘Good Wife’ Watch: Alicia Florrick v. the Patriarchy,0.0
1401457969.0,Today in Small Business: The Cost of Paper Checks,0.0
1396876910.0,Fenway Summer Acquires Start-Up Mortgage Lender,0.0
1384532174.0,Today in Small Business: Health Care Fixes,0.4939
1529053317.0,"DealBook Briefing: China’s Ready for a Trade War. Your Move, Mr. Trump.",-0.34
1513796533.0,"Republican Party, European Union, Solstice: Your Thursday Briefing",0.4019
1513019603.0,"New York City, North Korea, Jerusalem: Your Tuesday Briefing",0.0
1497254416.0,How the Dark Web’s Dread Pirate Roberts Went Down,-0.4588
1512968778.0,"Donald Trump, Laurent Wauquiez, Syria: Your Monday Briefing",0.0
1566460814.0,Ransomware Attacks Are Testing Resolve of Cities Across America,-0.0772
1615585113.0,Beeple Has Won. Here’s What We’ve Lost.,0.34
1450350044.0,Morning Agenda:  Janet Yellen’s New Risk Manager Role,-0.2732
1386373974.0,John Waters Offers Season’s Greeting With a Wink,0.3818
1560848838.0,DealBook Briefing: Say Hello to Facebook’s Cryptocurrency,0.0
1495181371.0,Victims Call Hackers’ Bluff as Ransomware Deadline Nears,-0.3182
1395400602.0,Joining the 11-Digit Valuation Club,0.0
1441962487.0,Morning Agenda: Avon in Talks to Sell a Stake,0.0
1563215289.0,How to Stay Financially Stable When the World Might Be Falling Apart,0.1531
1519425491.0,What We’re Reading,0.0
1506724629.0,New Virtual Currencies Hit Barriers in U.S. and 2 Other Nations,0.0
1506724629.0,New Virtual Currencies Hit Barriers in U.S. and 2 Other Nations,0.0
1385557760.0,A New Credit Boom,0.3818
1380307977.0,Weekend Reading: JPMorgan Settlement in Sight,0.0
1436356824.0,Symantec Report Suggests Hackers’ Motives Are Blurring,0.0
1594010981.0,South Korea Denies U.S. Request to Extradite Operator of Child Pornography Site,-0.4215
1514388681.0,"A World of Deal Making, Gleaned With an iPhone X",0.0
1411571405.0,Today in Small Business: A Positive Review on Yelp Goes Viral,0.5574
1410275187.0,Today in Small Business: Best and Worst Cities for Hispanic Entrepreneurs,0.0258
1497985454.0,"Finders Keepers? An Ohio Goodwill Returns $97,000 Mistakenly Donated With Clothes",-0.296
1517587122.0,The 1.21.18 Issue,0.0
1497985454.0,"Finders Keepers? An Ohio Goodwill Returns $97,000 Mistakenly Donated With Clothes",-0.296
1531834952.0,How to Prepare for a Stock Market Surprise ,0.2732
1404404432.0,Today in Small Business: Saving the Naked Bean,0.0
1403866302.0,Morning Agenda: $8.9 Billion Penalty for BNP,-0.4588
1608327004.0,What You’re Looking Forward to,0.0
1398943195.0,Awaiting Alibaba’s I.P.O.,0.0
1397560314.0,Dreaming of Corporate Tax Breaks,0.0
1397570108.0,Today in Small Business: Etsy Goes Wholesale,0.0
1403018319.0,Today in Small Business: Why Innovation Is Overrated,0.3818
1380293328.0,Today in Small Business: Postal Arbitrage,0.0
1397831258.0,Today in Small Business: Bacon-Filled Chocolate Bunnies,0.0
1581546555.0,Treasury to Roll Out Cryptocurrency Rules,0.2023
1396364734.0,Today in Small Business: Erosion,0.0
1440010859.0,"With an Eye on Fintech, Andreessen Horowitz Adds a New General Partner",0.0
1403895805.0,Weekend Reading: Advancing on Bank Penalties,0.0
1401805845.0,"Year-End Roundup 2013-2014 | Social Studies, History, Geography and Civics",0.0
1581286262.0,"Ransomware Attacks Grow, Crippling Cities and Businesses",-0.4404
1618512492.0,Your Friday Briefing,0.0
1613592890.0,U.S. Charges 3 North Koreans With Hacking and Stealing Millions of Dollars,-0.7003
1536225703.0,DealBook Briefing: How Washington Dealt Big Tech a Sucker Punch,-0.5267
